,acc_hex,acc_rec
0,1.0,1.0
1,1.0,0.5239226331862912
2,0.5239226331862912,0.5239226331862912
3,0.5239226331862912,0.5239226331862912
4,0.5239226331862912,0.5239226331862912
